Prix,Année,Kilométrage,Modèle
4500,2014,36381,MT 07
5000,2014,17858,MT 07
4500,2016,45000,MT 07
4700,2015,44100,MT 07
4500,2014,32800,MT 07
4490,2014,22000,MT 07
5690,2016,33560,MT 07
4900,2016,40000,MT 07
5300,2014,33000,MT 07
5000,2015,13000,MT 07
3800,2014,45000,MT 07
5500,2016,9995,MT 07
3800,2014,37000,MT 07
4800,2014,38000,MT 07
4300,2014,26980,MT 07
5300,2015,33740,MT 07
5500,2015,8300,MT 07
4100,2015,28000,MT 07
5000,2014,39500,MT 07
4200,2014,52500,MT 07
5000,2014,23700,MT 07
4099,2015,42000,MT 07
5500,2016,26000,MT 07
5900,2014,39000,MT 07
4200,2016,40000,MT 07
4500,2014,38000,MT 07
5000,2015,22000,MT 07
3000,2016,48000,MT 07
4800,2015,8250,MT 07
5100,2016,22300,MT 07
5100,2014,18000,MT 07
3900,2016,48000,MT 07
4850,2016,24198,MT 07
4600,2015,43000,MT 07
5000,2014,41000,MT 07
5300,2016,15557,MT 07
5000,2014,32000,MT 07
5200,2014,12496,MT 07
4500,2014,43600,MT 07
4600,2014,23000,MT 07
